# Ethos online term estimates (ethos.com quick estimator), read 2026-10-07. Texas, monthly.
# sex,age,term,face_k,tobacco,min,max   (min = best class, max = standard; blank = not offered; min==max = no term offer, a fallback price)
M,20,10,250,0,12.73,20.27
M,20,15,250,0,12.73,20.27
M,20,20,250,0,13.23,23.31
M,20,25,250,0,17.68,33.45
M,20,30,250,0,19.88,38.44
M,25,10,250,0,12.73,20.27
M,25,15,250,0,12.73,20.27
M,25,20,250,0,13.23,23.31
M,25,25,250,0,17.68,33.45
M,25,30,250,0,19.88,38.44
M,30,10,250,0,12.73,20.27
M,30,15,250,0,12.73,20.29
M,30,20,250,0,13.74,23.46
M,30,25,250,0,18.41,33.5
M,30,30,250,0,20.72,38.44
M,35,10,250,0,12.97,21.38
M,35,15,250,0,13.18,22.05
M,35,20,250,0,15.38,27.07
M,35,25,250,0,22.14,38.81
M,35,30,250,0,25.47,44.59
M,40,10,250,0,18.55,32.23
M,40,15,250,0,18.81,32.23
M,40,20,250,0,21.69,37.86
M,40,25,250,0,30.96,55.88
M,40,30,250,0,35.53,64.75
M,45,10,250,0,23.56,39.43
M,45,15,250,0,25.6,45.34
M,45,20,250,0,32.01,58.06
M,45,25,250,0,46.52,86.4
M,45,30,250,0,53.67,100.35
M,50,10,250,0,33.28,59.14
M,50,15,250,0,38.64,68.92
M,50,20,250,0,48.51,85.25
M,50,25,250,0,75.54,134.66
M,50,30,250,0,88.85,158.99
M,55,10,250,0,52.17,95.17
M,55,15,250,0,61.89,114.43
M,55,20,250,0,80.36,148.12
M,55,25,250,0,113.69,211.94
M,55,30,250,0,305,305
M,60,10,250,0,96.41,156.48
M,60,15,250,0,114.52,188.33
M,60,20,250,0,168.34,253.56
M,60,25,250,0,241.26,364.83
M,60,30,250,0,502.5,502.5
M,65,10,250,0,151.29,270.04
M,65,15,250,0,192.25,345.89
M,65,20,250,0,785,785
M,65,25,250,0,785,785
M,65,30,250,0,785,785
F,20,10,250,0,8.71,14.41
F,20,15,250,0,9.5,16.77
F,20,20,250,0,11.75,18.95
F,20,25,250,0,15.01,25.19
F,20,30,250,0,16.61,28.25
F,25,10,250,0,8.71,14.41
F,25,15,250,0,9.5,16.77
F,25,20,250,0,11.75,18.95
F,25,25,250,0,15.01,25.19
F,25,30,250,0,16.61,28.25
F,30,10,250,0,8.83,14.46
F,30,15,250,0,9.88,16.96
F,30,20,250,0,11.96,19.57
F,30,25,250,0,15.78,26.73
F,30,30,250,0,17.66,30.26
F,35,10,250,0,10.7,17.27
F,35,15,250,0,11.5,19.63
F,35,20,250,0,13.46,22.6
F,35,25,250,0,19.02,31.66
F,35,30,250,0,21.76,36.12
F,40,10,250,0,13.99,22.3
F,40,15,250,0,14.85,26.57
F,40,20,250,0,18.18,30.62
F,40,25,250,0,25.17,44.24
F,40,30,250,0,28.62,50.94
F,45,10,250,0,18.38,30.42
F,45,15,250,0,20.33,37.17
F,45,20,250,0,26.25,44.79
F,45,25,250,0,36.53,63.71
F,45,30,250,0,41.6,73.02
F,50,10,250,0,27.12,44.35
F,50,15,250,0,31.21,51.52
F,50,20,250,0,40.63,64.68
F,50,25,250,0,56.81,97.2
F,50,30,250,0,64.78,113.22
F,55,10,250,0,39.51,67.43
F,55,15,250,0,42.96,78.53
F,55,20,250,0,56.83,102.45
F,55,25,250,0,79.57,145.72
F,55,30,250,0,215,215
F,60,10,250,0,59.37,101.56
F,60,15,250,0,68.74,130.98
F,60,20,250,0,99.17,179.91
F,60,25,250,0,140.96,258.04
F,60,30,250,0,327.5,327.5
F,65,10,250,0,118.02,198.92
F,65,15,250,0,147.15,236.39
F,65,20,250,0,502.5,502.5
F,65,25,250,0,502.5,502.5
F,65,30,250,0,502.5,502.5
M,20,10,250,1,20.27,47.27
M,20,20,250,1,23.31,55.62
M,20,30,250,1,38.44,80.27
M,25,10,250,1,20.27,47.27
M,25,20,250,1,23.31,55.62
M,25,30,250,1,38.44,80.27
M,30,10,250,1,20.27,49.16
M,30,20,250,1,23.46,59.61
M,30,30,250,1,38.44,98.21
M,35,10,250,1,21.38,57.61
M,35,20,250,1,27.07,80.53
M,35,30,250,1,44.59,129.37
M,40,10,250,1,32.23,85.34
M,40,20,250,1,37.86,124.9
M,40,30,250,1,64.75,183.75
M,45,10,250,1,39.43,127.37
M,45,20,250,1,58.06,199.08
M,45,30,250,1,100.35,283.39
M,50,10,250,1,59.14,194.47
M,50,20,250,1,85.25,277.24
M,50,30,250,1,158.99,361.82
M,55,10,250,1,95.17,331.61
M,55,20,250,1,148.12,462.38
M,60,10,250,1,156.48,534.25
M,60,20,250,1,253.56,648.89
M,65,10,250,1,270.04,833.34
F,20,10,250,1,14.41,31.1
F,20,20,250,1,18.95,42.8
F,20,30,250,1,28.25,60.73
F,25,10,250,1,14.41,31.1
F,25,20,250,1,18.95,42.8
F,25,30,250,1,28.25,60.73
F,30,10,250,1,14.46,34.24
F,30,20,250,1,19.57,44.07
F,30,30,250,1,30.26,71.7
F,35,10,250,1,17.27,43.13
F,35,20,250,1,22.6,65.54
F,35,30,250,1,36.12,95.9
F,40,10,250,1,22.3,66.43
F,40,20,250,1,30.62,91.44
F,40,30,250,1,50.94,134.39
F,45,10,250,1,30.42,99.04
F,45,20,250,1,44.79,141.09
F,45,30,250,1,73.02,200.22
F,50,10,250,1,44.35,142.28
F,50,20,250,1,64.68,201.6
F,50,30,250,1,113.22,291.76
F,55,10,250,1,67.43,225.86
F,55,20,250,1,102.45,313.83
F,60,10,250,1,101.56,353.68
F,60,20,250,1,179.91,495.46
F,65,10,250,1,198.92,676.77
M,35,20,100,0,10.56,16.35
M,35,20,500,0,24.95,45.87
M,35,20,1000,0,45.74,84.05
M,50,20,100,0,25.98,42.69
M,50,20,500,0,89.08,157.97
M,50,20,1000,0,165.94,306.34
F,35,20,100,0,9.65,14.72
F,35,20,500,0,19.8,35.76
F,35,20,1000,0,35.82,62.43
F,50,20,100,0,21.2,33.03
F,50,20,500,0,69.56,118.74
F,50,20,1000,0,131.1,221.59
